	{

		"metadata": {
			"formatVersion" : 3.1,
			"generatedBy"   : "Blender 2.7 Exporter",
			"vertices"      : 65,
			"faces"         : 64,
			"normals"       : 65,
			"colors"        : 0,
			"uvs"           : [91],
			"materials"     : 1,
			"morphTargets"  : 0,
			"bones"         : 0
		},

			"scale" : 1.000000,
			
			"vertices" : [1,-1.94172,1.54572,1,-1.94172,-0.454277,-1,-1.94172,1.54572,-1,-1.94172,-0.454277,0.695165,0.058285,1.24089,0.695164,0.0582849,-0.149441,-0.695165,0.058285,1.24089,-0.695164,0.0582849,-0.149441,0.816319,0.287116,1.36204,0.434658,0.954365,1.00358,-0.816319,0.287116,1.36204,0.61316,1.50927,1.01906,-0.434658,0.954365,1.00358,0.550675,1.57817,-0.00495107,0.816319,0.287116,-0.270595,-0.61316,1.50927,1.01906,-0.550675,1.57817,-0.00495107,0,1.7331,0.908759,-0.816319,0.287116,-0.270595,0,1.07355,1.0148,-0.434657,0.954365,0.13427,0,-1.94172,-0.454276,0,-1.94172,1.54572,0,0.0582849,-0.149441,0,0.058285,1.24089,0,0.287116,-0.270595,0,0.287116,1.36204,0,0.954365,-0.00495081,0,1.94103,-0.00495085,0,1.78736,1.11628,-0.406978,1.52325,0.918414,-0.62122,-1.59412,-1.54572,-0.467729,-0.141583,-1.37945,-0.177795,1.94172,-0.236495,-0.177795,-0.3918,-0.502138,-0.72847,1.94172,-0.236495,-0.994114,-0.3918,-0.502138,-0.0841975,1.34459,-0.798207,-0.396615,-1.61192,-1.13665,-1.05317,1.44698,-0.798207,-1.83301,-1.46014,-1.13665,-1.17864,-0.764453,-0.790852,-0.809705,1.56906,-0.525208,-0.0449171,-0.764453,-0.790852,-0.0449171,1.56906,-0.525208,-0.943784,-0.0912778,-1.37945,-1.32692,-1.51955,-1.54572,0.434657,0.954365,0.13427,0.406978,1.52325,0.918414,0.62122,-1.59412,-1.54572,0.467729,-0.141583,-1.37945,0.177795,1.94172,-0.236495,0.177795,-0.3918,-0.502138,0.72847,1.94172,-0.236495,0.994114,-0.3918,-0.502138,0.0841975,1.34459,-0.798207,0.396615,-1.61192,-1.13665,1.05317,1.44698,-0.798207,1.83301,-1.46014,-1.13665,1.17864,-0.764453,-0.790852,0.809705,1.56906,-0.525208,0.0449171,-0.764453,-0.790852,0.0449171,1.56906,-0.525208,0.943784,-0.0912778,-1.37945,1.32692,-1.51955,-1.54572],
			"faces"    : [43,21,22,2,3,0,0,1,2,3,0,1,2,3,43,37,38,31,32,0,4,5,6,7,4,5,6,7,43,22,24,6,2,0,8,9,10,11,1,8,9,2,43,2,6,7,3,0,12,13,14,15,2,9,10,3,43,23,21,3,7,0,16,17,18,19,11,0,3,10,43,40,39,45,46,0,20,21,22,23,12,13,14,15,43,27,25,34,33,0,24,25,26,27,16,17,18,19,43,28,16,15,29,0,28,29,30,31,20,21,22,23,43,57,63,50,55,0,21,22,32,33,24,25,26,27,43,39,37,32,45,0,21,33,32,22,13,4,7,14,43,6,24,26,10,0,10,9,34,35,9,8,28,29,43,14,47,9,8,0,36,37,38,39,30,31,32,33,43,58,64,63,57,0,20,23,22,21,34,35,25,24,43,31,46,45,32,0,40,41,42,43,6,15,14,7,43,12,19,17,30,0,44,45,46,47,36,37,38,39,42,15,12,30,0,48,49,50,22,36,39,43,34,36,41,43,0,51,52,53,54,18,40,41,42,43,43,41,40,38,0,54,53,55,56,42,41,12,5,43,49,50,63,64,0,40,43,42,41,43,26,25,35,43,42,44,37,39,0,57,58,33,21,44,45,4,13,43,47,13,11,9,0,37,59,60,38,31,46,47,32,43,41,42,39,40,0,53,61,62,55,41,44,13,12,43,38,40,46,31,0,63,64,65,66,5,12,15,6,43,33,34,43,44,0,27,26,67,68,19,18,42,45,43,29,15,30,17,0,69,70,71,72,23,22,39,38,43,36,35,42,41,0,73,74,75,76,40,48,44,41,43,35,33,44,42,0,77,78,58,57,48,19,45,44,43,44,43,38,37,0,68,67,5,4,45,42,5,4,43,56,49,64,58,0,63,66,65,64,49,43,35,34,43,62,55,56,61,0,68,4,5,67,50,27,49,51,43,5,14,8,4,0,14,36,39,13,52,30,33,53,43,53,60,62,51,0,77,57,58,78,54,55,50,56,43,54,59,60,53,0,73,76,75,74,57,58,55,54,43,60,57,55,62,0,57,21,33,58,55,24,27,50,42,11,48,9,0,48,50,49,47,59,32,43,10,26,19,12,0,35,34,45,44,29,28,37,36,43,51,62,61,52,0,27,68,67,26,56,50,51,60,43,0,1,5,4,0,12,15,14,13,61,62,52,53,43,55,50,49,56,0,4,7,6,5,27,26,43,49,43,59,58,57,60,0,53,55,62,61,58,34,24,55,43,7,6,10,18,0,14,13,39,36,10,9,29,63,43,23,7,18,25,0,16,19,79,80,11,10,63,17,43,20,12,15,16,0,37,38,60,59,64,36,22,21,43,27,20,16,28,0,81,82,83,84,16,64,21,20,43,18,10,12,20,0,36,39,38,37,63,29,36,64,43,25,18,36,34,0,85,86,52,51,17,63,40,18,43,20,27,33,35,0,87,88,89,90,64,16,19,48,43,18,20,35,36,0,36,37,74,73,63,64,48,40,43,61,56,58,59,0,54,56,55,53,51,49,34,58,43,52,61,59,54,0,51,54,53,52,60,51,58,57,43,14,54,53,47,0,36,73,74,37,30,57,54,31,43,22,0,4,24,0,8,11,10,9,1,61,53,8,43,27,28,13,47,0,81,84,83,82,16,20,46,31,43,28,29,11,13,0,28,31,30,29,20,23,47,46,43,25,52,54,14,0,85,51,52,86,17,60,57,30,43,29,17,48,11,0,69,72,71,70,23,38,59,47,43,8,9,19,26,0,35,44,45,34,33,32,37,28,43,23,25,14,5,0,16,80,79,19,11,17,30,52,43,0,22,21,1,0,2,1,0,3,61,1,0,62,43,4,8,26,24,0,10,35,34,9,53,33,28,8,43,27,51,52,25,0,24,27,26,25,16,56,60,17,43,23,5,1,21,0,16,19,18,17,11,52,62,0,43,9,48,17,19,0,44,47,46,45,32,59,38,37,43,47,53,51,27,0,87,90,89,88,31,54,56,16],
			"uvs"      : [[1e-06,0.850663,0.223068,0.850663,0.223067,0.971317,0,0.971317,1,0.812853,0.921291,0.462522,0.96133,0.447287,1,0.619405,0.624637,0.447287,0.624637,0.204166,0.702201,0.204166,0.736213,0.447287,0.255819,0,0.233137,0.244377,0.078427,0.251841,0.033267,0.010736,0.111577,0.509393,0.111577,0.730009,0,0.730009,0.034012,0.509393,0.803242,0.465828,0.803242,0.750658,0.737414,0.587224,0.737414,0.447287,0.904083,0.801057,0.907074,0.714479,0.903494,0.627483,0.962188,0.903266,0.572596,0.861303,0.635689,0.835825,0.635689,0.952728,0.574919,0.967559,0.686016,0.602295,0.698626,0.781335,0.624637,0.177513,0.715719,0.177513,0.065172,0.279217,0.115873,0.359907,0.212607,0.35524,0.246845,0.270453,0.507911,0.633106,0.428775,0.634205,0.454527,0.47066,0.507911,0.469918,0.673134,0.094486,0.624637,0.080216,0.624637,0,0.670046,0.025343,0.737874,0.938785,0.778835,0.870758,0.791745,0.938785,0.537695,0.655458,0.625612,0.681195,0.635161,0.728249,0.51306,0.692505,0.686016,0.827255,0.5269,0.79961,0.788034,0.792593,0.707492,0.823075,0.102454,0.434949,0.255818,0.418804,0.662856,0.447287,0.686016,0.467186,0.853439,0.173313,0.853439,0,0.899083,0.061209,0.899083,0.146357,0.921728,0.573778,0.980421,0.84956,0.737379,0.935387,0.737874,1,0.686442,0.975124,0.686016,0.926028,0.035088,0.197561,0.077149,0.478751,0.042763,0.434908,0,0.153025,0.796626,0.84881,0.738633,0.870758,0.020494,0.478751,0.111577,0.478751,0.361281,0.916328,0.365737,0.968771,0.294604,0.982769,0.255819,0.916328,0.537886,0.572604,0.625803,0.598342,0.441351,0.806651,0.489268,0.798493,0.489268,0.921013,0.428775,0.932646]],
			"normals"  : [0,-0.651631,-0.758507,0,-0.651631,0.758507,-0.612995,-0.498459,0.612995,-0.612995,-0.498459,-0.612995,0.497482,0.393628,-0.773003,0.63683,-0.722587,0.268807,0.342204,-0.616047,-0.709464,0.490768,0.128819,-0.86169,0,-0.167028,0.985931,-0.681448,-0.266854,0.681448,-0.681448,-0.266854,-0.681448,0,-0.167028,-0.985931,-0.889187,-0.445479,0.104038,-0.681509,0.70452,-0.197882,-0.262154,0.255013,-0.930692,-0.347911,-0.550493,-0.758873,0,0.339946,-0.940428,0,-0.444838,-0.895596,0.478774,-0.349406,0.805383,0.53328,0.836879,0.123386,0,0.813807,-0.581103,-0.735832,0.304788,-0.604663,-0.677755,0.268136,0.684622,0,0.262612,0.964873,0.681509,0.70452,-0.197882,0.262154,0.255013,-0.930692,-0.490768,0.128819,-0.86169,-0.497482,0.393628,-0.773003,0,-0.011811,0.999908,-0.716575,-0.001312,0.69747,0.839259,-0.20661,0.502914,0.956389,0.19602,0.216468,0.637226,0.356334,0.683309,0.716575,-0.001312,0.69747,0.889187,-0.445479,0.104038,0.347911,-0.550493,-0.758873,-0.637226,0.356334,0.683309,0,0.281808,0.959441,0,-0.595264,0.803491,0.299203,-0.353893,0.886105,-0.545946,-0.288278,0.786615,-0.355449,-0.255531,0.899075,0.867428,-0.400128,0.295663,-0.342204,-0.616047,-0.709464,-0.693777,0.702658,-0.157903,0.806909,0.514969,-0.289224,0.735832,0.304788,-0.604663,0.677755,0.268136,0.684622,-0.453841,0.863643,0.219275,-0.63683,-0.722587,0.268807,-0.806909,0.514969,-0.289224,-0.867428,-0.400128,0.295663,0.681448,-0.266854,-0.681448,0.681448,-0.266854,0.681448,0.453841,0.863643,0.219275,0.693777,0.702658,-0.157903,-0.53328,0.836879,0.123386,0.545946,-0.288278,0.786615,0.355449,-0.255531,0.899075,-0.299203,-0.353893,0.886105,-0.478774,-0.349406,0.805383,0.612995,-0.498459,0.612995,0.612995,-0.498459,-0.612995,-0.839259,-0.20661,0.502914,-0.956389,0.19602,0.216468],
			
			"skinIndices"  : [],
			"skinWeights"  : [],
			"morphTargets" : [],