	{

		"metadata": {
			"formatVersion" : 3.1,
			"generatedBy"   : "Blender 2.7 Exporter",
			"vertices"      : 48,
			"faces"         : 41,
			"normals"       : 42,
			"colors"        : 0,
			"uvs"           : [79],
			"materials"     : 3,
			"morphTargets"  : 0,
			"bones"         : 0
		},

			"scale" : 1.000000,
			
			"vertices" : [-5,2.18557e-07,5,5,-2.18557e-07,-5,0.456608,1.95436,2.32861,-1.20424,1.44289,2.92901,1.20424,1.44289,2.92901,1.20424,1.44289,-2.92901,-1.20424,1.44289,-2.92901,5,2.18557e-07,5,-5,-2.18557e-07,-5,0.447952,1.95436,-2.32861,0.456608,1.60235,2.32861,0.447952,1.60235,-2.32861,-0.447952,1.60235,-2.32861,-0.447952,1.95436,-2.32861,-0.456608,1.95436,2.32861,-0.456608,1.60235,2.32861,1.20424,1.61316,2.92901,1.20424,1.61316,-2.92901,-1.20424,1.61316,-2.92901,-1.20424,1.61316,2.92901,-1.10424,1.65146,2.82901,-1.10424,1.65146,-2.82901,1.10424,1.65146,-2.82901,1.10424,1.65146,2.82901,-1.10424,1.43821,-2.82901,1.10424,1.43821,-2.82901,1.10424,1.43821,2.82901,-1.10424,1.43821,2.82901,-1.10424,1.43821,2.82901,1.10424,1.43821,2.82901,1.10424,1.43821,-2.82901,-1.10424,1.43821,-2.82901,-1.21466,0.242336,3.11191,-1.21466,0.242336,-3.11191,1.21466,0.242336,-3.11191,1.21466,0.242336,3.11191,1.10424,1.65146,2.82901,1.10424,1.65146,-2.82901,-1.10424,1.65146,-2.82901,-1.10424,1.65146,2.82901,1.21466,-0.0336347,3.11191,1.21466,-0.033635,-3.11191,-1.21466,-0.033635,-3.11191,-1.21466,-0.0336347,3.11191,-0.961786,1.95436,1.33282,0.961786,1.95436,1.33282,0.961786,1.60235,1.33282,-0.961786,1.60235,1.33282],
			"faces"    : [43,0,7,1,8,0,0,1,2,3,0,0,0,0,43,20,21,18,19,2,4,5,6,7,1,2,3,4,43,21,22,17,18,2,5,8,9,6,2,5,6,3,43,22,23,16,17,2,8,10,11,9,5,7,8,6,43,23,20,19,16,2,10,4,7,11,7,1,4,8,43,2,14,15,10,2,12,13,14,15,9,10,11,12,43,44,13,12,47,2,16,17,18,19,13,14,15,16,43,16,19,3,4,2,20,21,22,23,8,4,17,18,43,45,2,10,46,2,24,25,26,19,19,9,12,20,43,13,9,11,12,2,15,27,28,12,14,21,22,15,43,17,16,4,5,2,29,30,31,32,6,8,18,23,43,18,17,5,6,2,23,22,33,34,3,6,23,24,43,19,18,6,3,2,30,29,14,35,4,3,24,17,43,28,29,26,27,2,36,36,36,36,25,26,27,28,43,29,30,25,26,2,36,36,36,36,26,29,30,27,43,30,31,24,25,2,36,36,36,36,29,31,32,30,43,31,28,27,24,2,36,36,36,36,31,25,28,32,43,24,27,3,6,2,37,38,39,36,32,28,17,24,43,25,24,6,5,2,40,37,36,7,30,32,24,23,43,26,25,5,4,2,41,40,7,6,27,30,23,18,43,27,26,4,3,2,38,41,6,39,28,27,18,17,43,36,39,20,23,2,36,36,36,36,33,33,1,7,43,37,36,23,22,2,36,36,36,36,33,33,7,5,43,38,37,22,21,2,36,36,36,36,33,33,5,2,43,39,38,21,20,2,36,36,36,36,33,33,2,1,43,28,31,33,32,2,42,43,44,45,25,31,34,35,43,31,30,34,33,2,46,47,48,49,31,29,36,34,43,30,29,35,34,2,50,51,52,53,29,26,37,36,43,29,28,32,35,2,54,55,56,57,26,25,35,37,43,36,37,38,39,2,58,59,60,11,33,33,33,33,43,43,42,41,40,0,36,36,36,36,38,39,40,41,43,35,32,43,40,2,57,56,61,39,37,35,38,41,43,34,35,40,41,2,53,52,62,63,36,37,41,40,43,33,34,41,42,2,49,48,64,60,34,36,40,39,43,32,33,42,43,2,45,44,65,62,35,34,39,38,43,15,47,46,10,2,66,67,68,69,11,16,20,12,43,2,45,44,14,2,70,71,72,73,9,19,13,10,43,9,45,46,11,2,74,24,19,18,21,19,20,22,43,14,44,47,15,2,13,16,19,26,10,13,16,11,43,45,9,13,44,2,71,75,76,72,19,21,14,13,43,47,12,11,46,2,67,77,78,68,16,15,22,20],
			"uvs"      : [[1,3.99993,-2.99993,3.99996,-3,-3.8e-05,1,-2e-06,0.24319,0.012067,0.24319,0.694797,0.233495,0.706864,0.233495,0,0.457296,0.694797,0.466991,0.706864,0.457296,0.012067,0.466991,0,0.928208,0.196086,0.928208,0,1,0,1,0.196086,0.928208,0.196667,0.928208,0.990554,0.856416,0.990554,0.856416,0.196667,0.611374,0.973351,0.611374,0.68273,0.627831,0.68273,0.627831,0.973351,0.784623,0.196667,0.784623,0,0.856416,0,1,0.388455,0.928208,0.388455,0.983501,0,0.983501,0.706864,0.967002,0.706864,0.967002,0,0.644288,0.68273,0.644288,0.973351,1,0.706864,0,0,0.009695,0.012067,0.009695,0.694797,0,0.706864,0.223801,0.012067,0.223801,0.694797,0.681097,0.716867,0.681097,0.034137,0.797307,0,0.797307,0.751003,0.611374,0.696055,0.611374,0.962542,0.493666,0.975867,0.493666,0.68273,0.967002,0.034137,0.967002,0.716867,0.850792,0.751003,0.850792,0,0.144383,0.720188,0.144383,0.986676,0.026675,1,0.026675,0.706864,0.681097,0,0.681097,0.68273,0.466991,0.68273,0,1,0.824049,0.751003,0.82405,0,0.466991,0.975867,0.824049,0,0.103031,1,0,0.786184,0.392312,0.786184,0.289281,1,0.681592,0,0.784623,0.213816,0.392312,0.213816,0.495343,0,0.784623,0.990554,0.679827,1,0.497108,1,0.104796,0,0.287515,0]],
			"normals"  : [0,1,0,-0.139836,0.730155,0.668783,-0.166631,0.870144,0.463698,-0.611469,0.502152,-0.611469,-0.611469,0.502152,0.611469,0.166631,0.870144,0.463698,0.611469,0.502152,-0.611469,0.139836,0.730155,0.668783,0.611469,0.502152,0.611469,0.41615,0.606128,0.677786,-0.41615,0.606128,0.677786,-0.41615,-0.606128,0.677786,0.41615,-0.606128,0.677786,-0.75341,0.645436,0.125462,-0.532121,0.585009,-0.612018,-0.532121,-0.585009,-0.612018,-0.75341,-0.645436,0.125462,-0.581805,-0.568285,0.581805,0.581805,-0.568285,0.581805,0.75341,0.645436,0.125462,0.75341,-0.645436,0.125462,0.532121,0.585009,-0.612018,0.532121,-0.585009,-0.612018,0.581805,-0.568285,-0.581805,-0.581805,-0.568285,-0.581805,-0.350871,0.10712,0.930235,0.350871,0.10712,0.930235,0.019257,-0.822535,0.568346,-0.019257,-0.822535,0.568346,0.742027,0.226569,0.630909,0.019654,-0.84051,0.541398,-0.742027,0.226569,0.630909,-0.019654,-0.84051,0.541398,0,0.447188,0.894406,-0.689871,0.110233,-0.715445,-0.689871,0.110233,0.715445,0.689871,0.110233,-0.715445,0.689871,0.110233,0.715445,-0.577349,-0.577349,0.577349,-0.577349,-0.577349,-0.577349,0.577349,-0.577349,-0.577349,0.577349,-0.577349,0.577349],
			
			"skinIndices"  : [],
			"skinWeights"  : [],
			"morphTargets" : [],
			
			"bones"      : [],
			"animations" : [],
			
			"colors"    : [],
			"materials" : [
				{
					"DbgColor": 15658734,
					"DbgIndex": 0,
					"DbgName": "Material.002",
					"blending": "NormalBlending",
					"colorAmbient": [0.6400000190734865, 0.6400000190734865, 0.6400000190734865],
					"colorDiffuse": [0.6400000190734865, 0.6400000190734865, 0.6400000190734865],
					"colorEmissive": [0.0, 0.0, 0.0],
					"colorSpecular": [0.5, 0.5, 0.5],
					"depthTest": true,
					"depthWrite": true,
					"mapBump": "PflastergrauDISP_BUMP2.png",
					"mapBumpScale": 0.1798701286315918,
					"mapBumpWrap": ["repeat", "repeat"],
					"mapDiffuse": "Pflastergrau.PNG",
					"mapDiffuseWrap": ["repeat", "repeat"],
					"mapSpecular": "PflastergrauSPEC.png",
					"mapSpecularWrap": ["repeat", "repeat"],
					"shading": "Phong",
					"specularCoef": 50,
					"transparency": 1.0,
					"transparent": false,
					"vertexColors": false
				},
				{
					"DbgColor": 15597568,
					"DbgIndex": 1,
					"DbgName": "Material.003",
					"blending": "NormalBlending",
					"colorAmbient": [0.22000000655651097, 0.22000000655651097, 0.22000000655651097],
					"colorDiffuse": [0.6400000190734865, 0.6400000190734865, 0.6400000190734865],
					"colorEmissive": [0.0, 0.0, 0.0],
					"colorSpecular": [0.0, 0.0, 0.0],
					"depthTest": true,
					"depthWrite": true,
					"mapDiffuse": "Pflastergrau.PNG",
					"mapDiffuseWrap": ["repeat", "repeat"],
					"shading": "Phong",
					"specularCoef": 226,
					"transparency": 0.59375,
					"transparent": true,
					"vertexColors": false
				},
				{
					"DbgColor": 60928,
					"DbgIndex": 2,
					"DbgName": "Material",
					"blending": "NormalBlending",
					"colorAmbient": [0.6400000190734865, 0.6400000190734865, 0.6400000190734865],
					"colorDiffuse": [0.6400000190734865, 0.6400000190734865, 0.6400000190734865],
					"colorEmissive": [0.0, 0.0, 0.0],
					"colorSpecular": [0.5, 0.5, 0.5],
					"depthTest": true,
					"depthWrite": true,
					"mapDiffuse": "stone_05_1.jpg",
					"mapDiffuseWrap": ["repeat", "repeat"],
					"shading": "Lambert",
					"specularCoef": 50,
					"transparency": 1.0,
					"transparent": false,
					"vertexColors": false
				}
			]


	}
