	{

		"metadata": {
			"formatVersion" : 3.1,
			"generatedBy"   : "Blender 2.7 Exporter",
			"vertices"      : 28,
			"faces"         : 23,
			"normals"       : 26,
			"colors"        : 0,
			"uvs"           : [68],
			"materials"     : 2,
			"morphTargets"  : 0,
			"bones"         : 0
		},

			"scale" : 1.000000,
			
			"vertices" : [-5.41558,2.36722e-07,5.41558,5.41558,-2.36723e-07,-5.41558,-0.873824,2.50438,-0.873822,-0.463931,3.02165,0.463929,0.463929,3.02165,0.463929,-0.463931,3.02165,-0.46393,0.463929,3.02165,-0.46393,-0.393658,4.97296,-6.94212e-07,-9.53674e-07,4.97296,0.393657,-9.53674e-07,4.97296,-0.393658,0.393656,4.97296,-6.94212e-07,-0.463931,7.68271,-0.46393,-0.463931,7.68271,0.463929,0.463929,7.68271,-0.46393,0.463929,7.68271,0.463929,-1.11268,9.97365,-1.11268,-1.11268,9.97365,1.11268,1.11268,9.97365,-1.11268,1.11268,9.97365,1.11268,5.41558,2.36722e-07,5.41558,-5.41558,-2.36722e-07,-5.41558,0.873821,2.50438,-0.873823,1.09048,-0.0258884,1.09048,-1.09048,-0.0258885,-1.09048,1.09048,-0.0258885,-1.09048,-0.873823,2.50438,0.873822,0.873822,2.50438,0.873821,-1.09048,-0.0258884,1.09048],
			"faces"    : [43,5,9,10,6,1,0,1,2,3,0,1,2,3,43,9,13,14,10,1,4,5,6,7,1,4,5,2,43,6,10,8,4,1,8,9,10,11,3,2,6,7,43,3,7,9,5,1,12,13,14,15,8,9,1,0,43,4,8,7,3,1,16,17,18,19,7,6,9,8,43,10,14,12,8,1,20,21,22,23,2,5,10,6,43,7,11,13,9,1,24,25,26,27,9,11,4,1,43,8,12,11,7,1,28,29,30,31,6,10,11,9,43,11,15,17,13,1,25,32,33,26,11,12,13,4,43,17,15,16,18,1,34,35,36,37,13,12,14,15,43,13,17,18,14,1,5,38,39,6,4,13,15,5,43,14,18,16,12,1,21,39,40,22,5,15,14,10,43,12,16,15,11,1,29,33,38,30,10,14,12,11,43,0,19,1,20,0,41,42,43,44,16,16,17,16,43,2,5,6,21,1,45,0,3,46,18,0,3,19,43,21,6,4,26,1,47,8,11,48,19,3,7,20,43,25,3,5,2,1,49,12,15,50,21,8,0,18,43,26,4,3,25,1,46,16,19,47,20,7,8,21,43,2,21,24,23,1,51,52,36,53,18,19,22,23,43,22,27,23,24,1,54,55,56,57,24,25,23,22,43,21,26,22,24,1,58,59,60,61,19,20,24,22,43,25,2,23,27,1,62,63,49,64,21,18,23,25,43,26,25,27,22,1,65,66,67,36,20,21,25,24],
			"uvs"      : [[0.501414,0.943211,0.54927,0.75009,0.589873,0.751692,0.597132,0.943211,0.38498,0,0.392223,0.270469,0.296505,0.270469,0.344363,0.001602,0.861989,0.943211,0.909845,0.75009,0.950448,0.751692,0.957707,0.943211,0.726402,0.700488,0.774258,0.507368,0.81486,0.50897,0.82212,0.700488,0.681702,0.943211,0.729558,0.75009,0.77016,0.751692,0.77742,0.943211,0.155411,0,0.162654,0.270469,0.066936,0.270469,0.114794,0.001602,0.844118,0,0.85136,0.270469,0.755642,0.270469,0.803501,0.001602,0.614549,0,0.621792,0.270469,0.526074,0.270469,0.573932,0.001602,0.918275,0.50018,0.688707,0.50018,0.454556,0.970846,0.224988,0.970846,0.224988,0.75009,0.454556,0.75009,0.459138,0.50018,0.229569,0.50018,0,0.50018,1,3.99993,-2.99993,3.99996,-3,-3.8e-05,1,-2e-06,0.459138,0.992812,0.639425,0.992812,0.819713,0.992812,1,0.992812,0.684125,0.75009,0.864413,0.75009,0.022344,0.50018,0.202631,0.50018,0,0.75009,0.481337,0.490843,0.519194,0.506941,0.476036,0.504405,0.475945,0.507919,0.022344,0.75009,0.202631,0.75009,0.224988,1,0,1,0.481482,0.50018,0.661769,0.50018,0.459138,0.75009,0.247332,0.50018,0.427619,0.50018,0.449975,0.75009]],
			"normals"  : [-0.523759,0.558611,-0.643117,0.012787,0.022095,-0.999664,0.999664,0.022095,0.012787,0.643117,0.558611,-0.523759,0.60445,-0.258675,-0.753441,0.753441,-0.258675,0.60445,-0.012787,0.022095,0.999664,0.523759,0.558611,0.643117,-0.643117,0.558611,0.523759,-0.999664,0.022095,-0.012787,-0.60445,-0.258675,0.753441,-0.753441,-0.258675,-0.60445,-0.636402,0.435835,-0.636402,0.636402,0.435835,-0.636402,-0.636402,0.435835,0.636402,0.636402,0.435835,0.636402,0,1,0,0,0.999969,0,-0.645711,0.407514,-0.645711,0.645711,0.407514,-0.645711,0.645711,0.407514,0.645711,-0.645711,0.407514,0.645711,0.598468,-0.532579,-0.598468,-0.598468,-0.532579,-0.598468,0.598468,-0.532579,0.598468,-0.598468,-0.532579,0.598468],
			
			"skinIndices"  : [],
			"skinWeights"  : [],
			"morphTargets" : [],
			
			"bones"      : [],
			"animations" : [],
			
			"colors"    : [],
			"materials" : [
				{
					"DbgColor": 15658734,
					"DbgIndex": 0,
					"DbgName": "Material.002",
					"blending": "NormalBlending",
					"colorAmbient": [0.6400000190734865, 0.6400000190734865, 0.6400000190734865],
					"colorDiffuse": [0.6400000190734865, 0.6400000190734865, 0.6400000190734865],
					"colorEmissive": [0.0, 0.0, 0.0],
					"colorSpecular": [0.5, 0.5, 0.5],
					"depthTest": true,
					"depthWrite": true,
					"mapBump": "PflastergrauDISP_BUMP2.png",
					"mapBumpScale": 0.1798701286315918,
					"mapBumpWrap": ["repeat", "repeat"],
					"mapDiffuse": "Pflastergrau.PNG",
					"mapDiffuseWrap": ["repeat", "repeat"],
					"mapSpecular": "PflastergrauSPEC.png",
					"mapSpecularWrap": ["repeat", "repeat"],
					"shading": "Phong",
					"specularCoef": 50,
					"transparency": 1.0,
					"transparent": false,
					"vertexColors": false
				},
				{
					"DbgColor": 15597568,
					"DbgIndex": 1,
					"DbgName": "Material.003",
					"blending": "NormalBlending",
					"colorAmbient": [0.22000000655651097, 0.22000000655651097, 0.22000000655651097],
					"colorDiffuse": [0.6400000190734865, 0.6400000190734865, 0.6400000190734865],
					"colorEmissive": [0.0, 0.0, 0.0],
					"colorSpecular": [0.0, 0.0, 0.0],
					"depthTest": true,
					"depthWrite": true,
					"mapDiffuse": "Pflastergrau.PNG",
					"mapDiffuseWrap": ["repeat", "repeat"],
					"shading": "Phong",
					"specularCoef": 226,
					"transparency": 0.59375,
					"transparent": true,
					"vertexColors": false
				}
			]


	}
