	{

		"metadata": {
			"formatVersion" : 3.1,
			"generatedBy"   : "Blender 2.7 Exporter",
			"vertices"      : 60,
			"faces"         : 54,
			"normals"       : 55,
			"colors"        : 0,
			"uvs"           : [135],
			"materials"     : 2,
			"morphTargets"  : 0,
			"bones"         : 0
		},

			"scale" : 1.000000,
			
			"vertices" : [-5,2.18557e-07,5,5,-2.18557e-07,-5,-0.873824,2.50438,-0.873822,-0.463931,3.02165,0.463929,0.463929,3.02165,0.463929,-0.463931,3.02165,-0.46393,0.463929,3.02165,-0.46393,0.463929,8.31687,-0.46393,-0.463931,8.31687,-0.46393,0.463929,7.81687,0.463929,-0.463931,7.81687,0.463929,-0.463931,6.85614,0.463929,0.463929,6.85614,0.463929,-0.463931,6.85614,-0.814288,0.463929,6.85614,-0.814288,0.463929,5.97219,-0.814288,-0.463931,5.97219,-0.814288,0.463929,5.97219,0.463929,-0.463931,5.97219,0.463929,5,2.18557e-07,5,-5,-2.18557e-07,-5,0.873821,2.50438,-0.873823,1.09048,-0.0258884,1.09048,-1.09048,-0.0258885,-1.09048,1.09048,-0.0258885,-1.09048,-0.873823,2.50438,0.873822,0.873822,2.50438,0.873821,-1.09048,-0.0258884,1.09048,-0.463931,6.85614,-1.6966,0.463929,6.85614,-1.6966,0.463929,5.97219,-2.1966,-0.463931,5.97219,-2.1966,-0.278359,7.28504,-2.86741,0.278357,7.28504,-2.86741,0.278357,6.75468,-3.16741,-0.278359,6.75468,-3.16741,0.463929,8.31687,-0.46393,-0.463931,8.31687,-0.46393,0.463929,7.81687,0.463929,-0.463931,7.81687,0.463929,0.463929,9.32993,0.0819793,-0.463931,9.32993,0.0819793,0.463929,8.32993,0.809839,-0.463931,8.32993,0.809839,0.463929,10.3948,1.60841,-0.463931,10.3948,1.60841,0.463929,9.20619,1.95036,-0.463931,9.20619,1.95036,0.463929,11.0042,5,-0.463931,11.0042,5,0.463929,9.81556,5,-0.463931,9.81556,5,0.463929,8.93857,-1.61763,-0.463931,8.93857,-1.61763,0.463929,9.50821,-0.767931,-0.463931,9.50821,-0.767931,0.278357,9.93834,-2.04156,-0.278359,9.93834,-2.04156,0.278357,10.2801,-1.53174,-0.278359,10.2801,-1.53174],
			"faces"    : [43,30,31,35,34,1,0,1,2,3,0,1,2,3,43,11,12,9,10,1,4,5,6,7,4,5,6,7,43,13,11,10,8,1,8,9,10,11,8,4,7,9,43,12,14,7,9,1,12,13,14,15,5,10,11,6,43,14,13,8,7,1,16,17,18,19,10,8,9,11,43,15,16,31,30,1,20,21,1,0,12,13,1,0,43,17,15,14,12,1,22,23,13,12,5,12,10,5,43,16,18,11,13,1,24,25,9,8,13,4,4,8,43,18,17,12,11,1,26,27,5,4,4,5,5,4,43,3,4,17,18,1,28,29,27,26,14,15,5,4,43,5,3,18,16,1,30,31,25,24,16,14,4,13,43,4,6,15,17,1,32,33,23,22,15,17,12,5,43,6,5,16,15,1,34,35,36,37,17,16,13,12,43,0,19,1,20,0,38,39,40,41,18,18,18,18,43,2,5,6,21,1,42,35,34,43,19,16,17,20,43,21,6,4,26,1,44,33,32,45,20,17,15,21,43,25,3,5,2,1,46,31,30,47,22,14,16,19,43,26,4,3,25,1,48,29,28,49,21,15,14,22,43,2,21,24,23,1,42,43,50,51,19,20,23,24,43,22,27,23,24,1,52,53,54,55,25,26,24,23,43,21,26,22,24,1,44,45,56,57,20,21,25,23,43,25,2,23,27,1,46,47,58,59,22,19,24,26,43,26,25,27,22,1,60,61,62,63,21,22,26,25,43,13,14,29,28,1,64,65,66,67,8,10,27,28,43,16,13,28,31,1,24,8,68,69,13,8,28,1,43,14,15,30,29,1,13,23,70,71,10,12,0,27,43,34,35,32,33,1,72,73,74,75,3,2,29,30,43,28,29,33,32,1,67,66,76,77,28,27,30,29,43,31,28,32,35,1,69,68,78,79,1,28,29,2,43,29,30,34,33,1,71,70,80,81,27,0,3,30,43,10,9,38,39,1,82,82,82,82,7,6,31,32,43,8,10,39,37,1,82,82,82,82,9,7,32,33,43,9,7,36,38,1,82,82,82,82,6,11,34,31,43,7,8,37,36,1,82,82,82,82,11,9,33,34,43,39,38,42,43,1,83,84,73,85,32,31,35,36,43,43,42,46,47,1,86,87,88,89,36,35,37,38,43,37,39,43,41,1,90,91,92,93,33,32,36,39,43,38,36,40,42,1,94,95,96,97,31,34,40,35,43,40,36,52,54,1,96,95,98,99,40,34,41,42,43,47,46,50,51,1,89,88,100,101,38,37,43,44,43,41,43,47,45,1,93,92,102,103,39,36,38,45,43,42,40,44,46,1,97,96,104,105,35,40,46,37,43,40,41,45,44,1,106,107,108,109,40,39,45,46,43,45,47,51,49,1,103,102,110,111,45,38,44,47,43,46,44,48,50,1,105,104,112,113,37,46,48,43,43,44,45,49,48,1,109,108,114,115,46,45,47,48,43,54,52,56,58,1,99,98,116,117,42,41,49,50,43,37,41,55,53,1,90,93,118,119,33,39,51,52,43,41,40,54,55,1,107,106,120,121,39,40,42,51,43,36,37,53,52,1,122,123,19,124,34,33,52,41,43,56,57,59,58,1,125,126,127,128,49,53,54,50,43,53,55,59,57,1,119,118,129,130,52,51,54,53,43,55,54,58,59,1,121,120,128,127,51,42,50,54,43,52,53,57,56,1,131,132,133,134,41,52,53,49],
			"uvs"      : [[0.067794,0.723803,0,0.723803,0.013559,0.64439,0.054235,0.64439,0.798983,0.615692,0.731189,0.615692,0.731189,0.542475,0.798983,0.542475,0.172184,0.535626,0.265254,0.527782,0.270945,0.600731,0.206347,0.64439,0.536198,0.116608,0.443128,0.108764,0.477291,0,0.541889,0.043659,0.203382,0.757184,0.135588,0.757184,0.135588,0.64439,0.203382,0.64439,0.067794,0.828653,0,0.828653,0.530962,0.183726,0.437893,0.175882,0.166948,0.468508,0.260018,0.460664,0.798983,0.683057,0.731189,0.683057,0.798983,0.907917,0.731189,0.907917,0.174981,0.242323,0.242541,0.23663,0.513485,0.40776,0.445926,0.402066,0.587668,0.777291,0.655462,0.777291,0.655462,1,0.587668,1,1,3.99993,-2.99993,3.99996,-3,-3.8e-05,1,-2e-06,0.68541,0.735965,0.557719,0.735965,0.413563,0.439733,0.540813,0.450458,0.269868,0.193932,0.142618,0.204656,0.70124,0.947338,0.828932,0.947338,0.541889,0.542475,0.70124,0.542475,0.481337,0.490843,0.519194,0.506941,0.476036,0.504405,0.475945,0.507919,0.541889,0.64439,0.383089,0.631006,0.112144,0.013383,0.270944,0,0.247332,0.50018,0.427619,0.50018,0.449975,0.75009,0.224988,0.75009,0.135588,0.803255,0.067794,0.803255,0.067794,0.736319,0.135588,0.736319,0.107941,0.54104,0.066299,0.47699,0.337244,0.167399,0.378886,0.10335,0.44425,0.686817,0.44425,0.64439,0.484316,0.64439,0.484316,0.686817,0.081353,0.64439,0.122029,0.64439,0.024985,0.581202,0,0.542772,0.270945,0.101618,0.29593,0.063188,0,0,0.406764,0.715102,0.406764,0.64439,0.44425,0.715102,0.896726,0.849336,0.828932,0.849336,0.828932,0.769296,0.896726,0.769296,0.585597,0.436317,0.541889,0.37023,0.576372,0.339737,0.65478,0.386491,0.737047,0.172245,0.780755,0.106157,0.849938,0.155983,0.77153,0.202738,0.835101,0.023984,0.869668,0.093106,0.828932,0.542475,0.896726,0.542475,0.630876,0.246022,0.719896,0.26197,0.915054,0.280505,0.826034,0.296453,0.932206,0.165508,1,0.165508,1,0.273599,0.932206,0.273599,0.650758,0.00995,0.737047,0,0.932206,0.542475,0.845917,0.532524,1,0.526489,0.932206,0.526489,0.911465,0,0.932206,0.041473,0.67451,0.449368,0.639943,0.51849,0.932206,0.099739,1,0.099739,0.271176,0.736489,0.203382,0.736489,0.271176,0.64439,0.945765,0,0.986441,0,0.986441,0.036202,0.945765,0.036202,0.737047,0.501001,0.716307,0.542475,0.406764,0.718375,0.33897,0.718375,0.352529,0.64439,0.393205,0.64439]],
			"normals"  : [0.659566,-0.693503,-0.289743,-0.659566,-0.693503,-0.289743,-0.534867,-0.13654,-0.833796,0.534867,-0.13654,-0.833796,-0.707083,0,0.707083,0.707083,0,0.707083,0.401349,0,0.915891,-0.401349,0,0.915891,-0.87582,0.378948,-0.298807,-0.621143,0.173437,0.764214,0.87582,0.378948,-0.298807,0.621143,0.173437,0.764214,0.890378,-0.340312,-0.302286,-0.890378,-0.340312,-0.302286,-0.612476,0.49971,0.612476,0.612476,0.49971,0.612476,-0.637532,0.466628,-0.612995,0.637532,0.466628,-0.612995,0,1,0,-0.645711,0.407514,-0.645711,0.645711,0.407514,-0.645711,0.645711,0.407514,0.645711,-0.645711,0.407514,0.645711,0.598468,-0.532579,-0.598468,-0.598468,-0.532579,-0.598468,0.598468,-0.532579,0.598468,-0.598468,-0.532579,0.598468,0.754479,0.652913,0.066469,-0.754479,0.652913,0.066469,-0.534867,0.784967,-0.31251,0.534867,0.784967,-0.31251,0.345836,-0.18186,0.920469,-0.345836,-0.18186,0.920469,-0.75045,-0.330302,0.572436,0.75045,-0.330302,0.572436,0.745079,-0.456771,0.485977,-0.745079,-0.456771,0.485977,0.761925,-0.589709,0.267708,-0.761925,-0.589709,0.267708,-0.808191,0.577013,-0.117679,0.808191,0.577013,-0.117679,0.66155,-0.468215,-0.585711,0.780694,0.572741,0.249855,0.747551,-0.651295,0.130131,-0.747551,-0.651295,0.130131,-0.661946,0.692251,-0.287332,0.661946,0.692251,-0.287332,-0.663472,0.736381,-0.132298,0.663472,0.736381,-0.132298,0.527909,0.266976,-0.806207,0.527909,0.847194,0.059267,-0.780694,0.572741,0.249855,-0.66155,-0.468215,-0.585711,-0.527909,0.266976,-0.806207,-0.527909,0.847194,0.059267],
			
			"skinIndices"  : [],
			"skinWeights"  : [],
			"morphTargets" : [],
			
			"bones"      : [],
			"animations" : [],